{"AUC": 0.9447125263849225, "confusion_matrix": {"_type": "image-file", "sha256": "9b7ecc667d7f5789e87c919a23e2a272f9152aa9b1ba846fdb825db5edfed655", "size": 88521, "path": "media/images/confusion_matrix_0_9b7ecc667d7f5789e87c.png", "format": "png", "width": 1000, "height": 1000}, "_timestamp": 1739662849.9983802, "_runtime": 3.2163732051849365, "_step": 0, "_wandb": {"runtime": 2}}